firstName;lastName;office;password;department
Kristina;Chung;Paris;Azerty@77;Administratif
Paige;Chen;Paris;Azerty@77;Administratif
Sherri;Melton;Paris;Azerty@77;Administratif
Gretchen;Hill;Paris;Azerty@77;Administratif
Karen;Puckett;Paris;Azerty@77;Administratif
Patrick;Song;Paris;Azerty@77;Administratif
Elsie;Hamilton;Paris;Azerty@77;Administratif
Hazel;Bender;Paris;Azerty@77;Administratif
Malcolm;Wagner;Paris;Azerty@77;Commercial
Dolores;McLaughlin;Paris;Azerty@77;Commercial
Francis;McNamara;Paris;Azerty@77;Commercial
Sandy;Raynor;Paris;Azerty@77;Commercial
Marion;Moon;Paris;Azerty@77;Commercial
Beth;Woodard;Paris;Azerty@77;Commercial
Julia;Desai;Paris;Azerty@77;Commercial
Jerome;Wallace;Paris;Azerty@77;Commercial
Neal;Lawrence;Paris;Azerty@77;Commercial
Jean;Griffin;Paris;Azerty@77;Commercial
Kristine;Dougherty;Paris;Azerty@77;Commercial
Crystal;Powers;Paris;Azerty@77;Commercial
Alex;May;Paris;Azerty@77;Commercial
Eric;Steele;Paris;Azerty@77;Commercial
Wesley;Teague;Paris;Azerty@77;Commercial
Franklin;Vick;Paris;Azerty@77;Informatique
Claire;Gallagher;Paris;Azerty@77;Informatique
Marian;Solomon;Paris;Azerty@77;Informatique
Marcia;Walsh;Paris;Azerty@77;Informatique
Dwight;Monroe;Paris;Azerty@77;Informatique
Wayne;Connolly;Paris;Azerty@77;Informatique
Stephanie;Hawkins;Paris;Azerty@77;Informatique
Neal;Middleton;Paris;Azerty@77;Informatique
Gretchen;Goldstein;Paris;Azerty@77;Informatique
Tim;Watts;Paris;Azerty@77;Informatique
Jerome;Johnston;Paris;Azerty@77;Informatique
Shelley;Weeks;Paris;Azerty@77;Informatique
Priscilla;Wilkerson;Paris;Azerty@77;Informatique
Elsie;Barton;Paris;Azerty@77;Informatique
Beth;Walton;Paris;Azerty@77;Informatique
Erica;Hall;Paris;Azerty@77;Informatique
Douglas;Ross;Paris;Azerty@77;Informatique
Donald;Chung;Paris;Azerty@77;Informatique
Katherine;Bender;Paris;Azerty@77;Informatique
Paul;Woods;Paris;Azerty@77;Informatique
Patricia;Mangum;Paris;Azerty@77;Informatique
Lois;Joseph;Paris;Azerty@77;Informatique
Louis;Rosenthal;Paris;Azerty@77;Comite de direction
Christina;Bowden;Paris;Azerty@77;Comite de direction
Darlene;Barton;Paris;Azerty@77;Comite de direction
Harvey;Underwood;Paris;Azerty@77;Comite de direction
William;Jones;Paris;Azerty@77;Comite de direction
Frederick;Baker;Paris;Azerty@77;Comite de direction
Shirley;Merritt;Paris;Azerty@77;Comite de direction
Jason;Cross;Paris;Azerty@77;Comite de direction
Judith;Cooper;Paris;Azerty@77;Comite de direction
Gretchen;Holmes;Paris;Azerty@77;Comite de direction
Don;Sharpe;Paris;Azerty@77;Comite de direction
Glenda;Morgan;Paris;Azerty@77;Comite de direction
Scott;Hoyle;Paris;Azerty@77;Comite de direction
Pat;Allen;Paris;Azerty@77;Comite de direction
Michelle;Rich;Paris;Azerty@77;Comite de direction
Jessica;Rich;Paris;Azerty@77;Comite de direction
Evan;Grant;Paris;Azerty@77;Comite de direction
Melinda;Proctor;Paris;Azerty@77;Comite de direction
Calvin;Diaz;Paris;Azerty@77;Comite de direction
Eugene;Graham;Paris;Azerty@77;Comite de direction
Vickie;Watkins;Paris;Azerty@77;Comite de direction
Luis;Hinton;Paris;Azerty@77;Comite de direction
Allan;Marsh;Paris;Azerty@77;Comite de direction
Melanie;Hewitt;Paris;Azerty@77;Comite de direction
Marianne;Branch;Paris;Azerty@77;Comite de direction
Natalie;Walton;Paris;Azerty@77;Administratif
Caroline;O'Brien;Paris;Azerty@77;Administratif
Arlene;Case;Paris;Azerty@77;Administratif
Kyle;Watts;Paris;Azerty@77;Administratif
Calvin;Christensen;Paris;Azerty@77;Administratif
Gary;Parks;Paris;Azerty@77;Administratif
Samantha;Hardin;Paris;Azerty@77;Administratif
Sara;Lucas;Paris;Azerty@77;Administratif
Stacy;Eason;Paris;Azerty@77;Administratif
Gladys;Davidson;Paris;Azerty@77;Administratif
Mike;Whitehead;Paris;Azerty@77;Administratif
Lynne;Rose;Paris;Azerty@77;Administratif
Faye;Sparks;Paris;Azerty@77;Administratif
Diana;Moore;Paris;Azerty@77;Administratif
Leon;Pearson;Paris;Azerty@77;Administratif
Ethel;Rodgers;Paris;Azerty@77;Administratif
Steve;Graves;Paris;Azerty@77;Administratif
Alison;Scarborough;Paris;Azerty@77;Administratif
Sherri;Sutton;Paris;Azerty@77;Administratif
Patsy;Sinclair;Paris;Azerty@77;Administratif
Kelly;Bowman;Paris;Azerty@77;Administratif
Stacy;Olsen;Paris;Azerty@77;Administratif
Curtis;Love;Paris;Azerty@77;Administratif
Dana;McLean;Paris;Azerty@77;Administratif
Jennifer;Christian;Paris;Azerty@77;Administratif
Brett;Lamb;Paris;Azerty@77;Administratif
Brandon;James;Paris;Azerty@77;Administratif
Keith;Chandler;Paris;Azerty@77;Administratif
Joann;Stout;Paris;Azerty@77;Administratif
Ronnie;Cowan;Paris;Azerty@77;Administratif
Scott;Golden;Paris;Azerty@77;Administratif
Gene;Bowling;Paris;Azerty@77;Administratif
Louise;Beasley;Paris;Azerty@77;Administratif
Geoffrey;Clapp;Paris;Azerty@77;Administratif
Patricia;Abrams;Paris;Azerty@77;Administratif
Jennifer;Tilley;Paris;Azerty@77;Commercial
Mary;Morse;Paris;Azerty@77;Commercial
Shawn;Boykin;Paris;Azerty@77;Commercial
Vincent;Sumner;Paris;Azerty@77;Commercial
Kurt;Cassidy;Paris;Azerty@77;Commercial
Danny;Davidson;Paris;Azerty@77;Commercial
Charlene;Heath;Paris;Azerty@77;Commercial
Alice;Blanchard;Paris;Azerty@77;Commercial
Joan;McAllister;Paris;Azerty@77;Commercial
Betty;McKenzie;Paris;Azerty@77;Commercial
Danny;Byrne;Paris;Azerty@77;Commercial
Peggy;Schroeder;Paris;Azerty@77;Commercial
Leslie;Griffin;Paris;Azerty@77;Commercial
Marshall;Gross;Paris;Azerty@77;Commercial
Sara;Perkins;Paris;Azerty@77;Commercial
Martha;Robertson;Paris;Azerty@77;Commercial
Jack;Palmer;Paris;Azerty@77;Commercial
Gayle;Brady;Paris;Azerty@77;Commercial
Benjamin;Rowe;Paris;Azerty@77;Commercial
Roberta;Zhang;Paris;Azerty@77;Commercial
Patricia;Hodge;Paris;Azerty@77;Commercial
Clifford;Li;Paris;Azerty@77;Commercial
Joanne;Bowling;Paris;Azerty@77;Commercial
Martin;Justice;Paris;Azerty@77;Commercial
Toni;Glass;Paris;Azerty@77;Commercial
Beth;Willis;Paris;Azerty@77;Commercial
Jessica;Hester;Paris;Azerty@77;Commercial
Samantha;Floyd;Paris;Azerty@77;Commercial
Jimmy;Graves;Paris;Azerty@77;Commercial
Vincent;Fischer;Paris;Azerty@77;Commercial
Dianne;Norman;Paris;Azerty@77;Commercial
Rhonda;Chan;Paris;Azerty@77;Commercial
Tamara;Hunt;Paris;Azerty@77;Commercial
Mary;Byrd;Paris;Azerty@77;Commercial
Sidney;Lane;Paris;Azerty@77;Commercial
Jeff;Kaplan;Paris;Azerty@77;Commercial
Sandra;Heller;Paris;Azerty@77;Commercial
Katie;May;Paris;Azerty@77;Commercial
Raymond;Jennings;Paris;Azerty@77;Commercial
Roger;Hanna;Paris;Azerty@77;Commercial
Natalie;Locklear;Paris;Azerty@77;Commercial
Kathy;Holloway;Paris;Azerty@77;Commercial
Troy;Jones;Paris;Azerty@77;Commercial
Neal;Glover;Paris;Azerty@77;Commercial